customer_id,name,email,city,phone
C0051,Stephen Velasquez,denisemendoza@harris-henderson.com,Aaronland,+1-448-005-1631x1154
C0420,Jose Martinez,amberwilkins@lewis-martinez.info,Acevedostad,218.776.4976x69305
C0071,Sara Rodriguez,ellenbarnes@yahoo.com,Adamsbury,8594956855
C0060,Jenny Williams,travisyork@yahoo.com,Alanmouth,162.137.6128x335
C0275,Eric Willis,jessica43@hotmail.com,Alexandriaview,001-796-621-6206x74782
C0479,Martin Stein,edwardsrhonda@hotmail.com,Alvaradochester,819.908.1857
C0377,Johnny Christian,acevedohaley@taylor.com,Amberton,(664)951-9012x955
C0157,Austin Benson,dparker@haynes.com,Amyside,(879)906-2313x762
C0389,Barbara Mays,richardrodriguez@hotmail.com,Amyton,(318)506-3176
C0383,Blake Meyers,meghan74@smith.com,Andersonburgh,861-897-9854
C0105,Belinda King,ihuff@gmail.com,Andreaborough,6106169483
C0109,Crystal Martinez,jared09@hotmail.com,Andreastad,+1-111-532-3153x17276
C0025,William Smith,steven95@martin.info,Andreview,(386)840-3087x75421
C0301,Deanna Ritter,nferguson@gmail.com,Angelaport,001-167-053-4511x1289
C0122,Kaitlyn Brown,jonescarla@yahoo.com,Annaland,+1-023-864-5943x28058
C0115,Eduardo Mitchell,cruzelizabeth@hotmail.com,Anthonyfort,013.591.5222x029
C0024,Barbara Lawson MD,ewingandrew@rogers.net,Barbaraside,503-025-2519x1750
C0425,Nathan Williams,aanderson@gmail.com,Barnesburgh,001-787-474-1688x82240
C0480,Melissa Vance,donaldsonwalter@dunn.com,Batesfurt,895.537.5014x26092
C0446,Danielle Graham,ryancannon@yahoo.com,Bauerside,(709)189-7199
C0252,David Clark,sgray@contreras.com,Bensonburgh,+1-640-570-0297x68346
C0500,Nancy Wilson,tlambert@potts.com,Bethland,419-482-4165x2713
C0265,William Lewis,thomas45@yahoo.com,Boylefurt,+1-103-184-3556x1973
C0236,Justin Burns,rebecca34@smith.com,Bradleyfort,5209286142
C0083,Hannah Cobb,costarobert@hotmail.com,Branchburgh,(663)285-5219
C0429,Cindy Jimenez,ulewis@gill.org,Brandonborough,+1-995-323-9701x61111
C0343,David Rubio,hogantina@hamilton.biz,Brianfurt,+1-466-212-0222x87979
C0452,Melissa Smith,jonathanedwards@williams.com,Brianville,+1-569-875-4796x66400
C0037,Anthony Raymond,soneill@warren.com,Brooksberg,454.836.8035
C0440,Joseph Garcia,amy67@ochoa.biz,Brownshire,786-255-1644x227
C0036,Denise Williamson,tamarasteele@hotmail.com,Brownville,001-383-182-1464x2202
C0493,Jessica White,emilykelly@hotmail.com,Bryanfort,+1-149-557-0498x032
C0331,Casey Hill,zstrong@shah-conrad.com,Bryanton,+1-229-826-7087x6563
C0066,Vickie Green,kwright@williams.com,Burkemouth,8763460069
C0423,Edward Strickland,robert76@yahoo.com,Butlerbury,722.049.5279
C0335,Alex Craig,ioliver@yahoo.com,Butlermouth,7031170660
C0239,Nicole Diaz,jsantos@clarke-hernandez.net,Caitlinborough,+1-975-570-2144x2518
C0308,Erin Hayden,lauren60@hansen.biz,Calebstad,5352941911
C0330,Christopher Ross,woodrobert@yahoo.com,Calvinfurt,+1-535-583-1653x7778
C0179,Timothy Roberts,snyderconnie@haynes.org,Carrillomouth,(210)909-5531x48656
C0045,Danielle Hensley,jamiedavis@johnson-robinson.info,Cherylmouth,+1-902-496-1453x78696
C0069,Paul Davis,jameshunter@hotmail.com,Choihaven,(999)510-2753
C0208,Michael Melendez,chloe58@gmail.com,Christopherport,+1-244-576-7110
C0285,Mary Robbins,williamwalker@thomas-sellers.com,Clarkbury,(477)288-7950
C0385,Kara Howard,abowen@gmail.com,Conwayshire,721.906.8744x948
C0209,Latasha Cohen,autumnzimmerman@holland-west.com,Cortezview,184-655-1506x59812
C0412,Victoria Summers,david08@gmail.com,Craighaven,5936004832
C0075,Jeffrey Elliott Jr.,samanthatate@sullivan-ingram.com,Cruzfort,925-738-1836x1971
C0299,Terry James,willisbobby@valenzuela-baker.com,Cruzshire,920-634-2044x3426
C0257,David Solis,dariusallison@heath.com,Crystalmouth,(422)448-6595x89420
C0187,Jessica Miller,landrymonica@yahoo.com,Cummingsview,(459)147-1923
C0355,Katie Snyder,westmartha@yahoo.com,Danielburgh,+1-269-148-0427x018
C0213,Brian Moreno,rose14@wagner.com,Danielfort,001-681-016-8774x2823
C0004,John Knight,jessica69@rodriguez.com,Danielhaven,2805493755
C0254,Benjamin Miller,gilbertmelanie@hotmail.com,Danielleborough,184-936-2314x532
C0378,Erica Ruiz,mwise@yahoo.com,Daniellemouth,001-101-098-5718x553
C0065,Gary Bishop MD,wayne41@long.net,Danielshaven,982-733-2188x6677
C0408,Ricky Williams,keithshields@yahoo.com,Danielside,601-585-3948
C0465,Deborah Pierce,otaylor@yahoo.com,Darrellside,001-786-944-6554x39547
C0081,Elijah Pitts,leesteven@white.org,Darrellstad,3357520248
C0226,Katrina Arellano,bnguyen@bradford.org,Davidbury,434-236-4423
C0093,Laura Reyes,brittanyreed@yahoo.com,Davidfurt,974.287.3908x72754
C0018,Matthew Mayo,iroberts@ross.com,Davidview,462-615-0790x21746
C0398,Julie Byrd,stevenwilson@day-poole.com,Davisborough,905-544-3978
C0027,Claire Clay,jeffreyrivera@williams-santiago.com,Davischester,001-099-729-4049
C0158,Carrie Cook,fbecker@gmail.com,Davisfurt,+1-263-171-2384
C0323,John Zuniga,amywilliams@gmail.com,Davisfurt,346.251.7120x23860
C0491,Helen Baker,gharris@hotmail.com,Davismouth,001-619-450-6784x5377
C0163,Austin Taylor,garyware@lowery-jackson.net,Deborahchester,001-302-278-6036
C0310,Shelia Soto,calebevans@hotmail.com,Diazbury,179.768.8027x08342
C0438,Christopher Johnson,hectorgarcia@johnson-sparks.com,Dudleymouth,771.856.7490
C0212,Benjamin Poole,lstone@yahoo.com,Duffytown,2350868188
C0464,Jacqueline Osborne,john18@gmail.com,Dunnville,5302987412
C0485,Stephen Edwards,alice34@mckinney.com,East Ashleyburgh,001-426-871-2889
C0272,Jonathon Smith,mullinsbrandon@clark-jackson.com,East Bethanystad,(677)791-4995
C0271,Hannah Barnes,penny62@gmail.com,East Christinafurt,649.436.2881
C0380,Ian Bowman,wwalker@gmail.com,East Christopherland,(305)209-0792x36328
C0307,Michael Harrell,ashleystout@yahoo.com,East David,(723)132-9592x598
C0113,Willie Ross,nathaniel66@yahoo.com,East Davidshire,+1-689-341-1650x629
C0306,Michael Wilson,rvega@gmail.com,East Dillonville,+1-888-227-0836x731
C0430,Daniel Williams,gmack@buckley.com,East Elizabeth,328-225-3244
C0061,Rickey Hernandez,elane@tucker-hughes.com,East Elizabethport,001-392-468-8303x6185
C0063,Teresa Barron,cgray@richards.com,East Gabrielaside,923-366-6241x78704
C0206,Melissa Weber,elainesoto@yahoo.com,East Jacquelineland,+1-113-446-7043
C0439,Michael Moore,ronaldanderson@nelson.biz,East Jennifer,+1-254-823-7026x303
C0220,Angela Wong,rodriguezdustin@yahoo.com,East Jenniferstad,104-987-2534x205
C0117,Joe Anderson,parkeraaron@yahoo.com,East Jessicaburgh,(482)381-4766x0719
C0216,Adrian Bryan,spark@mcintosh-wagner.net,East Johnton,552-946-3741x9385
C0458,James Krause,dmorales@chapman.net,East Justinton,6715190706
C0184,Donna Morales,edwardsmichelle@lopez.com,East Kellyhaven,0117558296
C0161,Scott Garcia,wbarry@clements.com,East Kristin,(347)439-8474
C0082,Christopher Massey PhD,tmurphy@lewis.com,East Lawrence,719.461.7166x3820
C0033,Paul Stuart,qfields@hotmail.com,East Martha,+1-794-679-9950
C0009,Suzanne Gray,thomas89@norton.com,East Michael,016.961.5983x6850
C0030,Kellie Brown,lawsonangel@yahoo.com,East Michael,833-875-7392x91761
C0469,Carolyn Gamble,ngreen@hotmail.com,East Nathanmouth,5757311351
C0154,Jason Mcdonald,robert37@gmail.com,East Nicholaschester,824.582.5610x440
C0406,Dana Miller,jameslawrence@manning.org,East Nicholastown,+1-646-394-7009x577
C0054,Lori Lowe,ymarquez@yahoo.com,East Paul,(379)286-3934
C0322,Kathleen Dodson,frenchkaren@morrow.com,East Rebecca,001-114-674-9584
C0155,Mark Garcia,elizabeth23@yahoo.com,East Robertville,+1-749-553-5820x2481
C0424,Robert Smith,roger40@fisher.net,East Robinshire,(788)496-2307x106
C0218,Karen Bowers,johnsontonya@gmail.com,East Ronald,+1-594-150-9824
C0107,Christopher Sherman,dunnmark@neal-mendez.net,East Samanthafurt,338.842.6286
C0397,Shelby Lloyd,aharrison@ortiz.com,East Sandra,338.657.4152x6387
C0052,Richard Keith,nelsonwendy@hotmail.com,East Shannon,874.073.5338
C0228,Russell Foster,aguirrelisa@yahoo.com,East Stephanie,(234)323-0785x524
C0064,Scott Wells,jennifergarcia@stokes.com,East Steve,+1-691-363-2979x889
C0003,Walter James,nataliesmith@gmail.com,East Thomas,696-253-5820
C0294,Sandra Tucker,jasonbrooks@yahoo.com,East Tina,2056041191
C0177,Joshua Moore,xruiz@hotmail.com,East Toddtown,+1-214-467-4983x59376
C0490,Brandon Rios,courtneychristian@yahoo.com,East Tracyshire,819-301-2657
C0235,Terri Myers,hbranch@hotmail.com,East Wyatt,375.143.0452x05016
C0026,Thomas Dalton,gpaul@palmer-shelton.com,Edwardsburgh,(209)467-6204
C0349,Robert Hernandez,newmanbrett@burke.org,Edwardsbury,465-698-9452x7210
C0232,Mary Bauer,garciasara@wheeler.com,Elliotthaven,(996)144-7644x725
C0396,Robert Acosta,wilsonjacob@gmail.com,Ericfurt,001-182-069-8616x5022
C0359,Michael Sanchez,nathanielreyes@yahoo.com,Espinozachester,378.308.5020
C0441,Jenna Lewis,vbaker@yahoo.com,Estradaborough,205-766-2590
C0186,Matthew Hayes,vshaw@garrison.com,Evanstown,001-428-329-9631x4286
C0358,Dylan Brown,padillamatthew@morgan.com,Evelynburgh,001-485-853-4267x0261
C0002,Justin Graves,colleenprice@hotmail.com,Ferrellton,391.405.0764
C0295,Raymond Rogers,lee21@yahoo.com,Frazierburgh,120.090.4549x979
C0243,Patrick Ashley,jacoblopez@thomas.org,Gabrielfurt,433-901-0081x58786
C0197,Charles Rodriguez,pmcgrath@mccormick.com,Garcialand,(923)652-2303x713
C0431,Rachel Arnold,sford@gmail.com,Gonzalezland,001-886-260-8587x52376
C0043,Jennifer Adkins,tombanks@wallace-johnston.org,Grayport,+1-783-624-8330
C0460,Andrew Barrett,lgray@mckenzie.com,Gregoryberg,+1-155-340-5947x999
C0196,Jasmine Walker,matthewholmes@yahoo.com,Grimesfurt,554-813-6417
C0096,Jessica Stone,jeremiahsmith@duke-jenkins.biz,Halehaven,(531)679-0544x281
C0165,Jeffrey Delgado,cynthiathomas@gonzales.com,Hansenborough,273.942.4348
C0360,Alison Kelley,connor58@fowler.info,Harrisbury,+1-166-083-3594x7577
C0217,Samantha Wang,ewingpatricia@yahoo.com,Hatfieldville,+1-179-229-3995
C0434,Sharon Gamble,lopezkristine@carpenter-green.biz,Haydenview,+1-085-615-1667x09116
C0194,Timothy Russell,joshua59@bailey.com,Henrytown,667-772-3206x4096
C0391,Tina Chandler,hoffmancameron@harris.com,Hernandezhaven,(283)463-5542
C0147,Jeffrey Sparks,brittany62@james-rogers.info,Higginsview,+1-878-374-7210
C0484,Amber Parrish,rmora@hotmail.com,Holdenville,+1-524-752-4812x5157
C0210,Joe Williams,kkim@hotmail.com,Hudsonbury,239.764.6319x75744
C0168,Stephen Calhoun,wesley40@morgan.org,Hudsonport,+1-415-030-5697x976
C0250,Julie Daniels,shelby76@gmail.com,Huntermouth,905-790-6003
C0450,Meghan Gonzalez,browndoris@yahoo.com,Jacobbury,(402)942-5425x786
C0042,Kylie Adams,christinerussell@yahoo.com,Jamesburgh,134-888-4287
C0242,Steven Lee,myerskendra@hotmail.com,Jamesshire,+1-080-525-0378x17110
C0249,Amber Diaz,brandonfreeman@howard.com,Jamesshire,186.537.0807
C0496,Larry Thomas,jameszimmerman@gmail.com,Jayburgh,(052)058-9177x801
C0477,Lori Mills,lopezkari@stout.net,Jeffreyhaven,428.255.9363x38297
C0298,Melissa Ryan,leonard75@yahoo.com,Jenniferhaven,(045)959-1260x540
C0268,Kayla Ward,johnsonwilliam@wilson.org,Jeremytown,001-851-712-3658x152
C0011,Mr. Matthew Martinez,colinhayes@rojas-jackson.biz,Jesseton,+1-346-510-7852
C0259,Traci King,edward98@yahoo.com,Jessicaborough,337-613-2633x2816
C0367,Jonathan Saunders,linda70@hotmail.com,Jodifurt,+1-214-072-2817x7742
C0311,Michael Allen,martintammy@osborn-ferguson.com,Johnathanland,539.068.5645
C0189,Richard Johnson,patriciaowen@winters.com,Johnborough,755-145-0542
C0090,Mark Sullivan,qzavala@yahoo.com,Johnfort,001-464-668-5158x46628
C0143,Joshua Shannon,nicoleguerra@ray.com,Johnstad,483.708.8707x967
C0281,Mr. Scott Williams,kcarter@steele.com,Jonesborough,6716284722
C0405,Denise Brown,wperkins@anderson.com,Jonesburgh,5558179302
C0130,Sara Diaz,reynoldscharles@yahoo.com,Jonesfort,098.296.1943x007
C0116,Antonio Marsh,khall@leach.biz,Jonesfurt,+1-615-978-7650x12534
C0078,Carl Jensen,robert48@hotmail.com,Jonestown,735-649-6024x001
C0079,Richard Kramer,youngzachary@wu.net,Jonesview,001-121-847-4769x89178
C0202,Travis Phillips,josephtucker@yahoo.com,Jonshire,(121)396-3937x0972
C0129,Brandy Reynolds,juan10@grant.com,Jordantown,850.029.8384x576
C0454,Theresa Orr,lisa63@yahoo.com,Jorgeside,8083158330
C0205,Carolyn Barrera,wmahoney@flores.com,Josephbury,001-589-346-1596x271
C0433,Matthew Robinson,duncanemily@freeman.com,Josephfort,981.191.6444x72981
C0140,Robert Jackson,allenrebecca@hodges.com,Julianburgh,(732)282-5319x36350
C0370,Edwin Davis,shelby82@yahoo.com,Justinmouth,703.891.5748
C0402,Melissa Jones,jenniferpoole@hotmail.com,Kaitlynborough,(925)867-2884x3893
C0099,Tiffany Nelson,simmonsdaniel@gmail.com,Kathrynfurt,001-243-809-2842x3833
C0417,Richard Brooks,jewing@gmail.com,Katiefurt,(174)868-7401x158
C0041,William Keller,henryjose@gmail.com,Keithland,(528)319-7323
C0008,Veronica Barry,josephstephens@hotmail.com,Kellyport,864-897-4620x9945
C0191,Alicia Wagner,crystal20@yahoo.com,Kellyville,001-397-007-9252
C0361,Cory Ortiz,patelnicholas@butler-hall.com,Kristenberg,001-680-248-2203x8646
C0336,Melanie Smith,kerry00@wilson-lee.com,Kristenbury,733-751-5827x10372
C0227,Taylor Simmons,veronica38@burke.biz,Lake Allison,001-117-488-9320x01461
C0386,Patricia Braun,ethanjacobson@peck.biz,Lake Allisonview,055.040.7339
C0362,Nicole Cochran,terrijones@hotmail.com,Lake Brian,916-608-4475x216
C0103,Christopher Stephens,pooleallen@gmail.com,Lake Chelseaberg,+1-484-428-2158x66250
C0123,Melvin Cooper,yjimenez@gmail.com,Lake Chelseaside,604-175-3839x533
C0108,Christopher Roberts,allisonwise@mitchell.com,Lake Dale,718.725.5782x295
C0497,Andrea Hayes MD,frances73@gmail.com,Lake Deannaview,+1-164-701-4817x3597
C0178,Tina Fitzgerald,angela55@hotmail.com,Lake Denise,+1-130-067-6055x506
C0124,Heather Lynch,morgan98@yahoo.com,Lake Diane,008-354-2278
C0076,Hector Davis,aburke@odonnell.biz,Lake James,132.320.9847x97524
C0316,James Hamilton,fberger@norris.com,Lake Jasonhaven,361-224-2069
C0303,Jenny Townsend,sarahlopez@gonzalez.info,Lake Jennifer,(425)605-8905
C0414,Jack Lawrence,hillcraig@gmail.com,Lake Jeremy,640-227-5443
C0388,Joseph Taylor,mercadofelicia@cole-campbell.net,Lake Jessicaberg,430-893-6567x111
C0237,Sarah Griffin,rmurray@hayes.org,Lake Joannside,001-911-781-8883
C0070,Raymond Sanders,wjones@hart-cox.com,Lake Joshuastad,001-682-591-9198
C0354,Dave Valdez,starkdenise@yahoo.com,Lake Kathleenshire,373.316.8750
C0091,Julian Koch,nicholsonnathan@anderson-johnson.info,Lake Lisaberg,001-941-125-1086x129
C0188,Anthony Gregory,garrettjesse@phillips.info,Lake Mariaborough,+1-666-156-6953x17234
C0238,Ruben Fields,taylormorris@yahoo.com,Lake Markmouth,6321184935
C0489,Michael Davis,nkennedy@yahoo.com,Lake Matthewton,(143)122-9023
C0282,Andrea Simmons,zgomez@gmail.com,Lake Melissa,3136244128
C0264,Anthony Berry,xherman@hotmail.com,Lake Michael,001-127-682-3232
C0162,Deborah Sampson,ywashington@edwards.com,Lake Michelletown,(384)494-0260x5724
C0287,Melissa Shaw,hillcharlotte@henry-brown.com,Lake Nancy,(372)818-9404
C0085,Isaiah Brooks,brittneyward@hotmail.com,Lake Oliviamouth,(672)465-4072x314
C0224,Melissa Frazier,uharrington@yahoo.com,Lake Sabrinaside,+1-742-764-4215x1278
C0058,Jennifer Baker,cathy07@friedman.info,Lake Sherryview,(822)719-8496x4786
C0456,Jessica Lawrence,sandra87@hotmail.com,Lake Tammyborough,+1-584-540-4954x765
C0046,Garrett Simmons,jacobsonluis@robinson.com,Lake Tony,001-008-773-8356
C0106,Kim Mercado,christopher40@delacruz.com,Lake Troy,001-499-442-4734x179
C0062,Danny Harrison,montesamanda@yahoo.com,Lake Veronica,(901)859-7236x8341
C0049,Nicole Curtis,jasonbrown@hotmail.com,Lake William,672.902.5048x009
C0444,Amy Erickson,ybarrett@gmail.com,Lake Williamchester,3710586913
C0372,Jimmy White,jeremy26@gmail.com,Lauraview,615-581-4022
C0486,Curtis Young,gmathis@gmail.com,Lauraview,+1-988-582-2979x70904
C0277,Amanda Hernandez,rebecca15@hotmail.com,Lauriefurt,272-182-0452
C0344,Ashley Good,rsloan@bean.com,Leehaven,558-047-4729x7887
C0185,Jessica Cummings,salazarterri@hotmail.com,Lewisview,001-315-541-6841x9613
C0022,James Kim,leah21@yahoo.com,Lisaside,178-467-5717x352
C0172,Amy Aguirre,smithmary@yahoo.com,Lloydmouth,955.517.4189x221
C0230,Matthew Wright,rileyryan@watson-edwards.biz,Lopezstad,728.798.3894x14557
C0300,Christopher Gonzalez,byoung@moyer-thomas.info,Marthastad,(220)368-7240x9041
C0449,Erika Stevenson,fweber@yahoo.com,Martinhaven,+1-339-669-8886
C0483,Rachel Scott,camposgary@yahoo.com,Maryborough,045.153.8920x967
C0211,Jessica Stevenson PhD,adamcarr@yahoo.com,Marychester,493-820-0240
C0447,Heather Edwards,pross@randall.com,Matthewborough,001-784-002-7086x74481
C0394,Tina Wilson,kevinhunt@hotmail.com,Matthewbury,3318606039
C0120,Mary Rivera,robertmoore@nelson.com,Matthewside,001-637-217-2580x32607
C0342,Margaret Ramirez,fallen@valenzuela.com,Mckenzieberg,+1-106-723-9286
C0384,Ana Taylor,josephedwards@hotmail.com,Melanieside,582.951.0974x3123
C0407,Karl Dawson,sarahhenderson@hotmail.com,Melissaton,+1-819-367-4662
C0459,Dean Boone,evanpark@hotmail.com,Melissatown,552.860.7653
C0101,Jennifer Martin,natashaprice@parker.com,Melvinton,(045)610-5540
C0118,Joseph Brooks,spearstravis@gmail.com,Mercedesberg,119.434.3701
C0247,Amy Oconnor,chadstuart@gmail.com,Michaelchester,347.041.2149x625
C0415,Robert Long,tvazquez@myers.net,Michaelmouth,(826)664-3500x746
C0421,Michael Johnson,evelynburns@gmail.com,Michaelmouth,325-374-6681x5236
C0016,Jennifer Pacheco,nelsondarlene@hotmail.com,Michaelton,(723)234-5620x553
C0225,Darrell Martin,jerryhall@yahoo.com,Michelebury,+1-437-127-5358
C0135,Timothy Shepherd,jason95@yahoo.com,Michelleborough,+1-247-170-5018x675
C0283,Andrea Lam,qschneider@phillips.com,Michellefurt,(853)077-3011
C0125,Andrew Rubio,nicholas35@white.com,Michellemouth,720-683-4511x415
C0451,Thomas Baker,michellemartin@yahoo.com,Mitchellburgh,296-939-5235
C0455,Miss Amber Medina,jessica54@gmail.com,Mooreside,(576)073-3776x2662
C0404,Michael Bates,hallrobert@gmail.com,Mullinsbury,(146)927-9227
C0416,Robert Hill,ycruz@allen.org,Munozfurt,(622)230-1807
C0326,Chad Soto,bondapril@yahoo.com,Myersburgh,(874)000-0541x34822
C0088,Susan Martinez,armstrongsuzanne@gmail.com,Myersside,001-296-690-9525x17596
C0181,Dillon Harris,newtonbrandon@murray-callahan.com,Nancyshire,(699)017-7792x31446
C0471,Paige Callahan,amber84@yahoo.com,Nathanielmouth,(631)034-9932
C0015,Francis Bryant,eric74@gmail.com,New Amandahaven,601.036.0656x310
C0482,Melvin Vang,stephen80@yahoo.com,New Amber,614-512-8659
C0379,Phillip Spears,christopherjones@hotmail.com,New Amyfurt,001-177-307-9863
C0279,Dale Rodriguez,jeffery62@yahoo.com,New Anitafort,(156)581-9454
C0368,Robert Medina,jwood@gmail.com,New Antonio,(559)422-9985
C0472,Michele Herring,dmueller@yahoo.com,New Ashley,+1-253-369-9848x777
C0338,Jesse Sosa,whitewilliam@gmail.com,New Bobbyland,+1-337-141-7257x823
C0296,Brittany Juarez,robertwilliams@hotmail.com,New Charles,001-494-941-0320x90873
C0353,Michael Bautista,isolomon@hotmail.com,New Christine,+1-577-741-9654x705
C0319,Steven Lowery,carol32@gmail.com,New David,(800)523-6799
C0302,Richard Raymond,dmccann@hess.com,New Dominique,6438095862
C0432,Andrew Powell,patrick18@hotmail.com,New Donaldland,(911)259-4002x9224
C0092,Michael Anderson,brownbrian@gmail.com,New Gregory,(251)600-4186x9879
C0297,Julie Washington,daniel97@yahoo.com,New Haleyfort,175.553.6633x55916
C0461,Donna Peterson,gilljason@parsons.net,New Heather,001-647-550-0516x1567
C0473,Lauren Garrett,kbridges@gmail.com,New Jameschester,543.742.6758
C0141,Craig Conway,ualvarado@garcia.com,New Jermaineport,630.239.1498
C0193,Cheyenne Hicks,smithjuan@knapp.net,New Jerryberg,625.508.9736
C0151,Michael Burton,suzannethompson@gmail.com,New Johnside,+1-896-582-4727x3729
C0392,Dennis Little,odavis@york.biz,New Joseph,5615448656
C0128,Julia Hoffman,orose@mcmahon.com,New Kaitlyn,318.989.5421
C0325,Alan Wallace,rogersmichele@gonzalez-rodriguez.info,New Laceychester,(627)138-6572x547
C0150,Jennifer Blackburn,ghoward@gmail.com,New Laurie,001-424-178-8049x638
C0395,Roger Thornton,lwashington@parker-moreno.biz,New Leslie,576.405.7093x9783
C0314,Jessica Hawkins,ashleereese@gmail.com,New Lynn,001-643-276-6714
C0313,Brandon Glass,smeyer@adkins.com,New Margaret,+1-868-360-7182x86633
C0146,Jason Young,thomasdonna@gmail.com,New Nicoleberg,394.495.1053
C0327,Robert Williams,wwilson@bryan-novak.com,New Paul,(779)932-3664x6983
C0390,Nicole Hall,ramirezgarrett@hoffman-stevens.com,New Robertshire,883-761-3794
C0278,Jacob Wright,pjones@porter.org,New Sonyaville,+1-085-490-2266
C0089,Dawn Davis,fscott@barajas.com,New Stacey,499.077.4906x5030
C0487,Monique Krueger,john64@gmail.com,New Timothychester,001-329-851-0946x7277
C0382,Joe Smith,sandrajacobs@lewis-rollins.com,New Tonyamouth,337.610.0066x295
C0351,Omar Wright,harrischarles@gmail.com,Nixonside,0634348476
C0371,Jermaine Frye,usmith@yahoo.com,Nolanton,9750292512
C0453,Robert Noble,kingjohn@yahoo.com,North Alison,123-827-8491
C0073,Jeffrey Harrell,kimberly00@jones-vargas.com,North Amber,727.849.5821x435
C0159,Paul Miller,hansonmitchell@bryant-boyle.org,North Angela,918.413.8043x01696
C0274,Stacy Jones,emilydorsey@baker-frazier.com,North Anthonystad,(065)993-1338x20305
C0413,Cynthia Lewis DVM,myersnicole@hotmail.com,North Benjamin,(605)783-1061x26712
C0020,Melissa Campbell,shepherdjeremy@chapman-erickson.com,North Brandishire,001-323-681-8625x966
C0332,Sarah Stewart,tayloradam@hotmail.com,North Brenda,(688)261-1343x4535
C0176,Randy Rogers,hdavis@gmail.com,North Cynthiaborough,721.656.1476
C0223,Carrie Wolfe,vaughanraymond@gmail.com,North Daniel,(865)870-8296
C0363,Julie Camacho,owenemily@hotmail.com,North David,642.647.7720x0896
C0409,Heather Bradford,grossrobert@yahoo.com,North Elizabethland,439.273.8017
C0443,Jay Ruiz,wgriffin@gmail.com,North Emily,165.203.9200
C0102,James Barnes,danielletrevino@schmidt.info,North Emilychester,+1-560-991-1298x65234
C0387,Tiffany Miller,yreed@yahoo.com,North Ericastad,(831)504-5654
C0001,Joshua Preston,tranjames@gmail.com,North Helen,(652)897-6667
C0198,Steven Cole,lwood@hotmail.com,North Jack,001-637-389-9395x8749
C0347,Stephen Graves,pottsmonica@west.info,North Jessicabury,8724698224
C0195,Julia Valencia,ymorales@weiss.info,North Justinside,+1-766-472-3857x299
C0148,Jeffrey Washington,lisa37@yahoo.com,North Keithport,133-979-9278
C0200,Rebecca Smith,washley@hotmail.com,North Laura,(698)514-2569x682
C0057,Christopher Oconnor,yvonnefreeman@hotmail.com,North Lindseyfurt,002-150-4108x37222
C0334,William Meyer,johnsonsonya@yahoo.com,North Mallorytown,(633)124-6288
C0182,Matthew Sims,collinsrachel@hurley-trujillo.org,North Melissafurt,511.208.6387
C0352,Laura Hernandez,lewisderek@yahoo.com,North Pamela,777.045.2267
C0170,Christopher Wright,renee68@gmail.com,North Peggyfort,(249)434-2676
C0059,Crystal Brown,mayoandrew@gmail.com,North Regina,992-529-2938x70440
C0248,Michael Moreno,kristasharp@yahoo.com,North Ryan,9660643474
C0166,Tamara Smith,guerrerojessica@jennings-lewis.com,North Seth,963-745-3934
C0152,Kyle Jackson,tellison@wilson.com,North Stephanie,3448379635
C0080,Kevin Gomez,christinaaguilar@richardson-mcknight.com,North Toddbury,302-869-5712x1801
C0183,David Mckinney,steven37@hoffman.org,North Travis,+1-764-533-6933x98027
C0014,Jacqueline Vazquez,sawyerraymond@gmail.com,North Travisside,147-836-1791
C0219,Jill Stevens,richardsonzachary@gmail.com,North Tyler,972.904.7147x8623
C0180,Sherry Romero,urangel@mcdonald.com,North Wendy,1886509865
C0121,Mark Moyer Jr.,teresajacobs@mcpherson-young.com,Padillachester,8380005957
C0097,Katie Chambers,espinozajoel@wilkins-gardner.com,Patriciaborough,+1-808-589-8396
C0007,Kurt Gonzalez,jeremy87@yahoo.com,Patriciatown,001-785-161-1994x096
C0087,Kenneth Woods,lori06@mcclain-mendez.biz,Pedrofort,1335549667
C0350,Nathan Medina,joanne07@smith.net,Perezport,062.919.6669x667
C0288,Ronald Harris,ublanchard@hotmail.com,Peterstad,(893)693-2688
C0131,James Perry,pattondominic@hall.com,Phamburgh,+1-085-199-3614x1728
C0366,Daniel Harris,bellhannah@newman-shelton.org,Phillipshaven,+1-216-399-2590
C0190,Shannon Mccoy,fishereric@watson.com,Port Aaron,305.319.5913
C0021,Jeremy Anderson,amandajackson@hotmail.com,Port Aaronmouth,859.774.2591x043
C0017,Rebecca Stevens,ericmann@collins.com,Port Abigail,+1-898-334-9092
C0175,Holly Hall,brendaerickson@yahoo.com,Port Ann,+1-812-033-2461x4441
C0369,Rodney Ochoa,mirandabarbara@jones-cooper.com,Port Anthonytown,(576)359-3937x1454
C0231,Tina Bullock,carla54@perez-herrera.com,Port Brandon,+1-792-045-1946
C0126,John Drake,thomasbrian@roberts.biz,Port Brandy,685-771-2992
C0341,Raymond Lin,kellybaird@carter.org,Port Caitlin,(096)274-4779
C0474,Melissa Huff,matthewwhite@brooks.com,Port Carol,378.380.9759
C0457,Jonathan Garcia,trujillojoseph@flores.com,Port Carrie,927-448-3061
C0442,Darren Spencer,phyllisedwards@yahoo.com,Port Charlesborough,001-465-144-3276x90663
C0038,Megan Dominguez,shanelane@lambert.info,Port Christopherhaven,(160)465-7981x1560
C0269,Krystal Phillips,erin12@gomez.com,Port David,030-460-5004
C0137,Victoria Hernandez,alexandra02@yahoo.com,Port Debbie,(296)482-7517x3017
C0267,Kelli Villegas,lopezpatrick@gmail.com,Port Denisemouth,899-150-9617x350
C0348,Jennifer Bell,nealmichael@cox.com,Port Derrickbury,001-332-136-7185
C0356,Alexandria Meyer,mwright@mendoza-wang.org,Port Dianafurt,221-876-5503
C0029,David Kelley,jamescarson@smith-morton.com,Port Emma,517.307.7322x5128
C0074,Lisa Shannon,hahnkristen@robinson.com,Port Gavin,269.412.9570
C0346,Pamela Martinez,dennisbruce@gmail.com,Port Gina,937.706.8653
C0034,Rhonda Choi,qlee@gmail.com,Port Gregory,001-278-608-3888x8640
C0345,Lauren George,jill96@holland.com,Port Jefferyton,7453029802
C0207,Oscar Ayala,brian31@gmail.com,Port Juliemouth,9643083811
C0039,Savannah Harris,amanda44@yahoo.com,Port Karen,(630)004-9659x9745
C0427,Jessica Wallace,austin87@hotmail.com,Port Kayla,001-608-270-0371x036
C0467,Sharon Porter,william91@gmail.com,Port Kennethchester,618-241-8734x29777
C0173,Jonathan Anderson,jenniferhawkins@hernandez.com,Port Laura,+1-662-869-9751x22785
C0100,Sherry Mcdowell,vnichols@yahoo.com,Port Megan,8172292591
C0315,James Shannon,sotoclaudia@fisher-wade.com,Port Melissahaven,001-562-092-1900x96250
C0436,Donald Weiss,sarahwyatt@hotmail.com,Port Michael,741.696.2606
C0312,Catherine Tucker,hayeslaura@green-simpson.biz,Port Michellefurt,415.661.8388x376
C0266,Robert Fitzgerald,michaelsullivan@trevino.com,Port Nicholas,622-672-2289x22532
C0050,Kenneth Long,kmcfarland@hotmail.com,Port Patrick,(499)506-1568x92852
C0019,Phillip Thomas,jhayes@gmail.com,Port Rebeccaview,(226)541-8736x34053
C0481,Lauren Cohen,cooperdawn@williams.com,Port Robertburgh,(245)452-8604x000
C0329,Evan Sims,christinecontreras@hotmail.com,Port Robertbury,123-904-3620x08715
C0470,Brian Adams,melissaking@gmail.com,Port Samanthaborough,405-816-5795
C0374,Jennifer Brown,claire83@gmail.com,Port Sarah,397-739-1481x061
C0320,Luke Skinner,zachary27@gmail.com,Port Sharon,771.261.2133
C0365,Pamela Santiago,lgill@yahoo.com,Port Sherryland,540.318.4072x97101
C0203,Scott Cox,katherine14@hotmail.com,Port Stephen,337.570.4254x59392
C0260,Alexander Daugherty,atkinsontammy@yahoo.com,Port Tammy,+1-492-459-3215x7457
C0012,Melvin Fletcher,williamsryan@smith-evans.com,Port Tiffany,001-351-234-3560
C0422,Daniel Wright,cvalentine@hotmail.com,Pottsbury,656.038.4653x9978
C0160,Heidi Williams,allenrussell@kelley-bond.com,Prattborough,9201039400
C0192,Jaclyn Alexander,blairjoseph@russo.com,Randolphborough,396-611-6046
C0263,Nancy Malone,tdorsey@fry-flores.com,Rasmussenfurt,(509)064-4052x8733
C0280,Cody Frank,manningdennis@gmail.com,Raystad,496.422.0749
C0494,Douglas Carter,benjaminjacqueline@gmail.com,Rhondaland,4293143731
C0048,Stephanie Dawson,rose35@hotmail.com,Ricardobury,(416)902-5442x4962
C0410,Emily Ryan,laraariana@galloway.biz,Richardshire,6821167480
C0136,Benjamin Webb,emily00@hotmail.com,Robertmouth,001-214-740-4624x272
C0403,Carolyn Taylor,krobinson@lewis.com,Robertsonfort,(369)136-7294x887
C0145,Margaret Kelly,brianbolton@terry-hunter.com,Robertton,(987)632-7328
C0305,Christopher Walsh,smithjoseph@hotmail.com,Rodneyborough,1700476962
C0149,Virginia Parsons,dawnwalker@gmail.com,Ronaldfort,(269)586-9573x427
C0134,Henry Lambert,crosario@castillo.biz,Ronaldton,449-240-0374x9424
C0262,David Casey,eric64@jensen-scott.com,Rosechester,(740)368-6075x1058
C0357,Christina Collins,chrisbryan@cameron-cole.com,Royberg,(511)850-8275x1370
C0201,Phillip Briggs,melaniehill@gmail.com,Ryanside,563-628-6665x426
C0053,Ashley Jordan,davidrivera@yahoo.com,Sabrinafort,201-621-7829x2817
C0144,Cynthia Mack,sandra07@hotmail.com,Salasborough,(433)328-5370x3488
C0164,Nicholas Burns,hutchinsonchristopher@rhodes.com,Salinasport,+1-628-210-3631x2264
C0031,Carol Delacruz,craigburke@gmail.com,Samanthaside,+1-581-193-2154x74316
C0437,Alexandra King,tonya00@wright.info,Sandersberg,+1-434-984-9411x0387
C0492,Cindy Thompson,turnerjennifer@yahoo.com,Schneiderstad,636.100.6487
C0284,Karen Case,mariah23@sanchez-gonzalez.biz,Schroederstad,+1-448-323-0573x76154
C0067,Mario Campbell,ajones@gmail.com,Seanville,+1-167-658-6697x16540
C0221,Kimberly Patel,rachelmartinez@yahoo.com,Sergioland,(973)605-4704x59499
C0286,Gregory Smith,hbraun@yahoo.com,Smithside,4993039368
C0255,Roger Gray,stephaniehunt@rodriguez.com,Smithtown,487-837-7288x4648
C0324,Shelia Swanson,anitasanders@hotmail.com,Smithville,072.425.1544
C0251,Aaron Williams,nicholsrebecca@blake.com,South Amy,(522)183-5192x078
C0240,Ryan Jones,paul09@yahoo.com,South Brianna,(899)077-5888
C0112,Amanda Thomas,ijohnson@gmail.com,South Brittanyborough,+1-153-498-8253x461
C0139,Alicia Taylor,paige94@hotmail.com,South Bryan,256.944.0966x713
C0428,Nicholas Norman,amandastevenson@wilson-ruiz.com,South Bryanside,380.500.5526x7998
C0244,Benjamin Smith,castanedakenneth@mills-nichols.org,South Elizabeth,289.436.0514x3300
C0114,Rachel Chavez,garciabenjamin@gmail.com,South Emily,5041742274
C0419,Valerie Stewart,lee59@gmail.com,South George,+1-690-880-0276
C0293,John Davenport,beckymoore@gmail.com,South Gregoryville,097.568.5849
C0127,Eric Fox,colleen71@hahn-arnold.biz,South Jamesburgh,(085)792-6916
C0047,Eric Hudson,jgonzales@fields.com,South Jennifer,746-808-8669
C0317,Brittany Clark,amanda21@hotmail.com,South Joan,182-307-4596
C0466,Nicole Mayer,lisadavid@miller.com,South Johnchester,1242076216
C0056,Keith Sutton,ashley24@griffin-hodge.com,South Johnfort,848-236-0803x1689
C0400,Jessica Adams,melissabryant@hotmail.com,South Jose,(949)603-0643
C0448,Luis Brown,xmeyer@yahoo.com,South Joshuastad,3882255747
C0035,Debbie Armstrong,michaelbrewer@hotmail.com,South Karenview,(537)043-5553x9945
C0111,Alicia Johnson,ronnie95@hotmail.com,South Katiehaven,943.357.8332
C0023,Robert Wade,pperez@hotmail.com,South Kellyville,549.550.9824x1741
C0245,Mark Russell,bradleyfrancis@soto.com,South Morganland,(731)531-5022x673
C0318,Teresa Hall,smithtimothy@sutton-kirby.com,South Nicolehaven,399-394-8585x586
C0040,Kevin Ware,lewisbrandon@yahoo.com,South Oliviaberg,657.735.6671
C0110,Ronald Peterson,kimberlyrobinson@walker-martinez.biz,South Patricia,+1-222-846-4325
C0153,Jessica Brown,reynoldsthomas@taylor.org,South Stephanie,+1-971-227-1709x2111
C0270,Nathan Howard,younganthony@roberts.com,South Teresa,+1-730-365-8116x48390
C0375,Wayne Rivas,andersondarrell@gmail.com,South Tinatown,(161)546-5475
C0276,Tammy Carr,charles50@hotmail.com,South Toddmouth,595-039-4251
C0463,Walter Brooks,griffithlindsey@gmail.com,South Travisfort,002.021.4527
C0498,Diane Hernandez DDS,nguyenamanda@yahoo.com,South Willie,+1-883-982-6291x26906
C0068,Charles Odonnell,fwalker@wright-jones.info,South Zacharyville,305-783-8069x41121
C0199,Rachel Young,davidbrown@hotmail.com,Sparksburgh,277-714-5323x6607
C0253,Tina Little,lmann@robinson-kennedy.com,Spencermouth,+1-253-393-4268x24828
C0290,Robert Andrews,laurenking@harris.net,Stephenborough,682.321.4918x59759
C0104,Brittany Valencia,jason87@caldwell.com,Stephenburgh,+1-883-531-7076x3624
C0156,Jessica Thompson,umoon@gmail.com,Stevefurt,+1-149-865-0032x76327
C0084,Krystal Patterson,josephconway@wong-frazier.com,Stevensonside,+1-839-624-2468
C0044,Melanie Chavez DVM,olivia99@quinn.net,Stricklandtown,001-595-904-0763x66298
C0289,Devon Stark,debra60@yahoo.com,Suzannefurt,423-466-7414x4358
C0333,Hannah Thompson,cynthiaboone@hotmail.com,Tannerfurt,423.984.7343x42680
C0167,Jennifer Thompson,bakerjessica@hotmail.com,Teresaburgh,001-287-591-3243x96163
C0233,Katherine Johnson,richardmorrison@hotmail.com,Teresachester,2434198568
C0241,William Perez,jessicapaul@simpson.biz,Teresaview,950.559.7198
C0094,Teresa Jones,tinacollins@jacobs.com,Thomasfurt,7937927574
C0411,Michael Reid,mmartin@yahoo.com,Thompsonfort,132.512.2156
C0376,Jennifer Warner,ureed@craig.net,Thompsonport,+1-664-402-1032x115
C0119,Larry Sanchez,boydcolleen@gmail.com,Tiffanyfurt,+1-401-859-8519x80299
C0169,Mrs. Tara Stevenson,nicole00@gmail.com,Tiffanyview,753-184-2008
C0098,Nicholas Diaz DVM,matthewharrell@rodriguez.com,Timothyton,036.607.5039
C0261,Dawn Fleming,cathy65@gmail.com,Tonymouth,(147)445-4481x81203
C0204,Cynthia Mercer,zmann@edwards.com,Tonytown,001-168-131-7157x1746
C0373,Bruce Bowman,hwilson@yahoo.com,Tonyville,991-018-6177
C0005,Michael Potter,danielsdenise@yahoo.com,Troyfurt,(762)156-6432
C0401,Katherine Guzman,mdyer@walker.com,Turnerview,+1-900-510-2120x969
C0468,Richard Coleman,amygarcia@yahoo.com,Turnerview,0453486198
C0273,Marcus Holmes,emily84@phillips.com,Vanessabury,432-651-3249x39230
C0246,Tonya Ferguson,jenniferschmidt@gmail.com,Vickiport,0078304193
C0381,Carrie Jensen,ddunn@yahoo.com,Walkerport,098.023.7918x19257
C0055,David Young,chasehunt@williams.net,Waltersport,1129889714
C0214,Victor Rogers,albertgibson@rodriguez-mason.biz,Wardstad,4108249505
C0337,Marisa Nicholson,lewisamy@horne.com,Warrenview,957-591-5884x23630
C0013,Kenneth Smith,laurasmith@hotmail.com,Washingtonview,001-083-910-1920
C0476,Andrea Kim,dward@alvarez-jones.com,Webbport,817.712.7583x3514
C0399,John Johnson,kelli99@thomas.com,Weeksmouth,(305)297-6102
C0028,Regina Barnes,igregory@gmail.com,West Alexland,+1-425-324-3664
C0292,Penny Singleton,mary32@lamb-benjamin.biz,West Brian,6204748156
C0426,Jesse Hobbs,janet84@yahoo.com,West Carol,+1-984-584-9780
C0234,Victoria Ellis,cramirez@matthews.info,West Chelseaburgh,001-659-549-8733x2147
C0462,Roberto Lopez,danielelliott@yahoo.com,West Cindy,601.801.5288x07653
C0086,Richard Good,coryshelton@gmail.com,West Darrell,001-089-727-1173x289
C0475,Sean Phillips,gshepherd@daniels-smith.com,West David,8978230821
C0499,Heather Mcdaniel,adrian83@gmail.com,West Donnahaven,+1-802-828-4401x67483
C0321,Robert Green,ujensen@hotmail.com,West Emilytown,205-929-7109
C0132,John Young,bushdavid@haney-lopez.biz,West Georgeville,(981)171-8579
C0339,Devin Maldonado,floresalejandro@yahoo.com,West John,+1-268-780-6993x2925
C0488,Joseph Fletcher,xporter@johnson.info,West Johnathanville,673.012.8699
C0304,Thomas Roberts,tjenkins@richardson-burnett.biz,West Johnny,185.378.1015
C0142,Zachary Moody,gordontimothy@johnston.org,West Katelynton,223-726-8694
C0138,Ashley Gardner,marvingonzalez@yahoo.com,West Krystalhaven,+1-151-473-9114
C0215,Lisa Munoz,tony59@gmail.com,West Loganmouth,541.028.6916
C0478,Marie Kelly,robert94@hotmail.com,West Mary,389.424.7044x03070
C0418,Timothy Joseph,lhowell@bolton-moore.com,West Melindaberg,+1-004-156-4268
C0393,Larry Hernandez,sanchezamanda@garrett.com,West Michael,9917427051
C0032,Valerie Jackson,matthew66@hotmail.com,West Pamelaview,+1-216-350-2485x8498
C0258,Alex Fields,lejeffrey@hotmail.com,West Scott,2170325043
C0445,Justin Martin,cuevashannah@miranda.com,West Scott,5923140516
C0072,Patricia Johnston,edward82@escobar.com,West Stephenfort,(004)162-0339x97658
C0340,Spencer Short,johnsmichael@perez-gonzales.com,West Terry,358.026.7645x165
C0174,Deborah Schultz,christopher58@payne-king.com,West Troy,(060)489-2619
C0256,Bailey Huerta,henrysmith@holt.com,West Tylerfurt,745-503-3543
C0006,Edward Harding,lori11@morrow.com,Whiteborough,(302)548-6082
C0171,Katherine Fisher,emma45@barry-fisher.com,Whiteborough,359-723-5620
C0229,Craig Clark,monica83@yahoo.com,Whitefurt,001-623-607-3255x40892
C0364,Frederick Wolfe,jeffersoncaitlyn@hoffman-marshall.net,Whiteheadview,695.938.7569x9449
C0077,James Adams,robertbrooks@gmail.com,Williambury,001-053-099-7194
C0133,Monique Garcia,todd40@hotmail.com,Williamshaven,469.466.1702
C0222,Crystal Browning,elizabethclark@yahoo.com,Youngborough,+1-841-657-9501x2942
C0010,Jessica Fox,kaitlyn37@hotmail.com,Zacharytown,(727)040-2549x01859
C0495,Jessica Scott,mramirez@gmail.com,North Nicholasfort,(299)361-7511
C0291,Jessica Scott,cory36@hall.com,Port Monica,(858)232-8046x09565
C0095,Kenneth Brown,cindymonroe@clark-hart.com,Lake Colleen,521-658-4016x963
C0328,Kenneth Brown,znewman@hotmail.com,South Jeremiahport,788.987.0478x78540
C0309,Sarah Peterson,qgarrett@thomas-davis.com,Howardton,001-030-529-6484x8631
C0435,Sarah Peterson,pstrickland@taylor-ballard.info,Lake Jamesbury,9751392773
